label,text
pos,my girl morganwhit1fly is doing amazing in the play :
pos,networking tip for today : pay it forward !
pos,this years john lewis advert is so shit compared to last years
pos,"jodiechadderton what s wrong , i can see the similarity ! if anything i think its an improvement jo"
pos,"apples , not caffeine , are more efficient at waking you up in the morning . interesting didyouknow"
pos,sharks have a week dedicated to him . he is the most interesting man in the world . mrpi2012 teamtim
pos,linzicrellin tom i ve got you 23 presents for your birthday ha nice friend
pos,just thankful that i m here
pos,my two oldest brothers are each adding another blessing to the family .
pos,"chicken dippers for the third night in a row , my life doesn t get better than this :"
pos,mikedarling41 they re really excited to have a student of my intelligence attend their university
pos,"is there a better combination of quality , design and value than the 2013 hyundai elantra gt ? http : t . co 33422kbg"
pos,you right i think it is funny ! oooowwwweeee ! let me chill before i have to pop off !
pos,a league of their own is up there with the best jamie redknapp is a legend ! mobot
pos,imforever young we re amazing
pos,panic ! at the disco is playing in subway . hellyeah
pos,the girl that holds me down the most i give you my up most respect . loyalty is royalty
pos,tel aviv is trending ! respect
pos,insightfans usa we love you xxxx thank you so much
pos,"when ur cooking taste so good , u got lick the plate"
pos,the abcs of death a must see for horror fans http : t . co 9qfcg2ye
pos,"dakin ledford your jeans looked good today , anndd your blowed kiss was great ! ! !"
pos,really enjoying my lunch right now thanks jene lynne your the best
pos,holly meow very cute and your black heals ?
pos,i love the chase ! not as much as jimmy savile did though ! : p
pos,niallangelwings hugs you back thanks for the support . lol . how long do u think it s gonna be ? xx
pos,very tempted to go to the midnight showing of breaking dawn
pos,we want to thank everyone who has donated to our coat drive . tomorrow morning we will proudly take halstead . . . http : t . co 2semmndj
pos,j weise that last tweet was cracking
pos,justinbieber hi justin how are you today ? i love you lt ; 3
pos,revision and assignment going rather well smuggrin choanoflagellates :
pos,mischqaizz that s why i love my cat more than anything . she is wicked !
pos,stephennasse congrats on being an uncle man ! see ya tomorrow at the governorscup200
pos,but . us strong single moms can handle it hell we came this far !
pos,amyhalawi you look hot . this is why i m the sidekick :
pos,hoping today a good one
pos,saby195 i cant wait to meet him ! leading the future . . i love it ! come get your shirt !
pos,ilovekenya thats so awesome ! ! sounds like wesley is in for a real treat ! ! ! ;
pos,having fun
pos,dmoney1524 hello that s awesome ! thanks for let us know you love it ! kg
pos,best part of halloween has to be eating left over sweets
pos,leemotee lol . yeah . looking forward to it . never been .
pos,"you need a new notebook bag for school . check these out , they re awesome ! http : t . co abmliuxw sp"
pos,phat pretty hot and tempting whitneyhoustonsontheirown
neg,i m not looking forward to this
neg,thexman12 poor you ! : it s gunna be so bad dude . i m scared for you .
neg,im not in the mood to be alive
neg,"learn something , nigga grow your ass up"
neg,courtneybtw duncan tells me i have to meet your nutty friends
neg,really don t wanna do any of the work i have to do
neg,darn losing your phone when it s on silent . boo .
neg,dnt make friends with none of these freaks ! ! ! !
neg,makinnlovee sounds like we re on the same boat : crappystart
neg,you never make time for me anymore and that makes me sad ugh
neg,"fallen to his side , dispiritedly watching him ."
neg,emhoughtaling this is slanderous .
neg,"so much shit comes out your mouth , your ass is jealous ."
neg,"hate non uniform days , just another chance for people to judge you whattowear ?"
neg,andrewbingham09 don t get your hopes up anytime soon .
neg,mourning the death of tami taylor http : t . co tbotmnyl
neg,to all the breaking dawn tweets . . twilight is stupid
neg,people make me fucking sick
neg,these hoes pissing me off !
neg,"i m just going to poor everyday of my life , ugh ."
neg,there is no i in team but there is 3 u s in shut the fuck up
neg,i m only just coming out of school shit
neg,if you curl your eye lashes every period kill yourself .
neg,oh poo . you ve already ruined quite a number of songs for me . don t go there .
neg,. . . i can t take a lot of people here serious at all .
neg,tasha left her twitter up on this cmputer worst thing this bitch coulda ever done ! ! ! ! ! ! ! ! ! !
neg,can t stand to see my friends unhappy .
neg,i hate this class so much . !
neg,cold hands and texting do not go well together
neg,boring night .
neg,you re all straight fucked
neg,idkmyjillybean getting my teeth drilled at instead of being at lunch with you : that sucked
neg,ashhashmash justinbieber hates you he says you re a zion .
neg,i fucking hate . get the fuck out of my life bitch .
neg,i m bout bored as hell just sitting here !
neg,"i m so worry when i m thinking about you , hope they don t hurt you or do anything cruel to you hmmmm . . . . ."
neg,"dumblewhhore no funny , ready to wreck more than that"
neg,chemistry puts me in the worst mood grrr
neg,there is actually no pleasing my family . whatever
neg,and thats ontop of my fathers dna being very rare in the uk . . no wonder i never felt i fitted in !
neg,forever disappointed that a group of squid isn t called a squad . lolol
neu,the infamous jp you know the site ?
neu,hi guys alex is here in the office and he is the son of ceo . he is saying hi to all of you http : t . co rs7bxefw call u . . .
neu,made it to san antonio . :
neu,that s not it but you know what i mean lol
neu,i posted 3 photos on facebook in the album educational support http : t . co g5qgqm97
neu,need a 5th uni to apply for
neu,voting is open go to http : t . co h79ab7v9 now to start voting !
neu,"iyaa mistersiput : juliananaomii julia , check your dm . there is something that i would say ."
neu,i m single because i m waiting for the right time in the right place with a right person .
neu,ntikku would love to chat with you about mobile apps . meet after thanksgiving perhaps ?
neu,when you re in the middle of talking and someone talks over you http : t . co igfujlck
neu,sitting watching highlights of the 6 2 game thatissensational henriklarsson
neu,i need to copy up all my history work lol
neu,am i the only one who still listens to the reaaallly old songs of lady gaga ? like brown eyes etc
neu,"com and now i make 75 , 000 and i get to travel a few months out of the year"
neu,i m not sleeping . . just resting my eyes
neu,"knowing isn t the same as understanding amp ; , hearing isn t the same as listening ."
neu,listening usher trading places .
neu,bread ? i order two steaks to use as a bun for my third steak .
neu,15 . 11 . 12 today is the day i eat only healthy food and worked out
neu,deezydothis lol is this a tyra moment ?
neu,"kleinemayo haha , whats the problem ?"
neu,"danaldson come this weekend , you can ski then"
neu,loveelovatic msleastarlight arianagrande try again to log in in your account ! d :
neu,the feeling of stretching gt ; gt ; gt ;
neu,tytysinowitz nahh gotta look up the lyrics on youtube made by the rule
neu,perfectlypearld i am on the way
neu,http : t . co pmbanbel is the direct link to sandream s pigment business ! get your color on folks !
neu,i put her on my team then i put her in rotation lls 2chainz
neu,who wanna redo my dreads for thanksgiving ?
neu,jessmjohnstone you must send a pic of yourself as madame johnstone ! and what is febreeze ?
neu,"not made in , made for china http : t . co seejkrwu"
neu,no one ever comes to first period
neu,they got the police and everything
neu,"you can brush his beard , or shave it off , or you can make him a ginger santa"
neu,uberfacts how do you know that ? ?
neu,jammin jecca then we can add it to story time
neu,what do you get someone for christmas when they seem to have everything ?
neu,i have to make this 23 last
neu,"the skirt : seven things you need to move to new york city four pins style , gear , life , places , features http : t . co p3wddi5o"
neu,"backyard living : homeowners building cottages for parents , guests or just more . . ."
neu,woke up today with the letter k stuck in my head .
neu,tonite in the haus . . . . vinyl nite w dj t coz spinnin the tunes . 8pm
neu,again moderate then schedule this time leave in queue 1128 jwright150
neu,"thinking about getting wow today for lunch . . , mmm"
neu,np the s . i . g . i . t all the time .
neu,the diapers arrived for the show on saturday ! join us and get a free 24 pkg for u or donate it ! http : t . co jy0byxyw
neu,im almost to 26000 tweets . . not sure who to dedicate it to yet . .
neu,no work for me tomorrow yes sir
neu,lelelewis she s going to sing fireflies ? :
neu,dacenterofearth fraserbarclay96 you two going to the west hatch open evening tonight ? ?
neu,in life you have to make some changes .
neu,what is love to u ?
neu,i just unlocked the fixer upper badge on foursquare for checking in at hardware stores ! tool time ! http : t . co rlbqhxuj
neu,going sleep after she s finish the reports :
neu,i will be in mia in 2 weeks
neu,beedailey its in cape town in long street .
neu,i m playing a game on fifa and the ball is invisible
neu,stoners : the only things that bake at room temperature .
neu,i m watching the vampire diaries 201 others checked in http : t . co ijmlovqc getglue tvd
neu,gettin these rims on .
neu,"dancemachine hy whatever it is , let s just wait for the mv to come out by then we ll know what the real story is"
neu,"i m having the biggest debate in my mind , right now ."
neu,i see this man woog relloworld at the most random spots
neu,zuma they say your signature say a lot about your personality . http : t . co u914cymz
neu,klm so do you wherever you are !
neu,nataliecassar18 51 followers ? stepping up in the world babay
neu,looking for some ways to spread the brand ! ! vaultlyfeclothing vaultlyfe vaultgang
neu,dannypaz95 you should tell the girls from the train lol
neu,off to the airport ! havent slept yet lol
neu,"he tell her to balance the checkbook , i tell her to roll my weed up"
neu,are you taking any foreign language classes this year ? math .
neu,this time last year i was already stockin up on shoes for my man for christmas .
neu,late fights and early mobbin
neu,peeing thedavid inside
neu,you tell me about your past thinking your future was me
neu,eyes all sticky like honey on bees
neu,clementee18 it s 300 by the way
neu,"he offered her the world , she said she had her own"
neu,in the car listening to foxy99 . 1
neu,i have alot of on campus classes next semester
neu,off to chalfont community college open evening
neu,i m naming my son odell
neu,what s going on minaayazi19 ? !
neu,still searching for my afterman .
neu,"so i woke up to register , then woke up for my non existence psychology class today :"
neu,ericadrew nah she only bikes no running for her lol
neu,jammin to wearednd !
neu,he dove in it
neu,5 signs he is the right one for you http : t . co u849px1i http : t . co sv4htmup
neu,imdlf i know that i just couldn t understand what you wrote
neu,"enter to win a trip , fashion accessories , paint and more in the oh canada style contest ! http : t . co 43ixb8ls houseandhome"
neu,imixmonitors i m home . it s not everyone for that show in orlando .
neu,iamwill61 when should i come and have a suits ? ?
neu,arieee you still have my movie
neu,death6701 except for you . . . because you have a cat as an icon
